Parameter,Stassun et al. 2017,Patel & Espinoza 2022,Ivshina & Winn 2022,Bonomo et al. 2017,Sedaghati et al. 2016,Southworth et al. 2012,Anderson et al. 2011,Anderson et al. 2010,Alderson et al. 2022,TESS: Sector 12 + Sector 38
e,0.0,---,---,0.020,0,0,0.028+0.015-0.018,0.129+0.106-0.068,---,---
i,86.63+/-0.42,---,---,86.83+0.68-0.53,87.06+0.61-0.63,86.71+/-0.30,86.83+0.68-0.56,87.8+2.0-1.0,---,87.54069213161702+0.43098898185745327-0.5140042763440249
P,3.735430+/-0.000008,3.7354300+0.0000071-0.0000074,3.7354826+/-0.0000015,3.7354845+/-0.0000019,3.735438,3.7354845+/-0.0000019,3.7354380+/-0.0000068,3.7354417+0.0000072-0.0000073,3.73548546+/-0.00000027,3.735484831616331+0.0000006232-0.0000016617
R,1.87+/-0.24,---,---,1.991+/-0.081,1.747+/-0.078,1.932+/-0.053,1.991+/-0.081,1.74+0.26-0.23,---,---
a,---,---,---,0.05151+/-0.00035,0.0513+/-0.0029,0.05125+/-0.00103,0.05150+/-0.00034,0.051+0.0017-0.0018,---,---
T_c,---,2458638.33209+/-0.00026,2457192.70049+/-0.00089,2454592.80154+/-0.00005,2457192.69798+/-0.00028,2454592.80154+/-0.00050,2454577.85806+/-0.00027,2454559.18102+/-0.00028,---,---
b,---,0.180+0.130-0.100,---,---,0.361+/-0.069,---,0.401+0.059-0.077,---,---,---
RpRs,---,0.1218+0.0016-0.0014,---,---,0.12345+/-0.00109,0.1255+/-0.0007,---,---,---,0.12130714805888419+0.000404658423926868-0.00039279328929267554
delta,1.700+/-0.018,---,---,---,---,---,1.696+/-0.026,1.672+0.029-0.035,---,---
transit_duration,---,---,---,---,---,---,4.392+/-0.041,4.3728+0.0456-0.0552,---,---
w,---,---,---,---,90,---,-70.6,290+106-16,---,---
a/R*,8.97+/-0.62,7.32+0.11-0.18,---,---,7.025+/-0.146,6.9638+0.0884-0.0862,---,---,---,7.190146553234434+0.12385182418808682-0.1285981478189422
colour,#1f77b4,#ff7f0e,#2ca02c,#d62728,#8c564b,#bcbd22,#17becf,g,m,r