,Stassun et al. 2017,Patel & Espinoza 2022,Ivshina & Winn 2022,Bonomo et al. 2017,Barstow et al. 2017,Sedaghati et al. 2016,Sing et al. 2016,Knutson et al. 2014,Southworth et al. 2012,Anderson et al. 2011,Triaud et al. 2010,Anderson et al. 2010,Alderson et al. 2022
e,0,---,---,0.020,---,0,---,0.039+0.050-0.027,0,0.028+0.015-0.018,0.11,0.129+0.106-0.068,---
i,86.63+/-0.42,---,---,86.83+0.68-0.53,---,87.06+0.61-0.63,---,---,86.71+/-0.30,86.83+0.68-0.56,86.63+0.39-0.45,87.8+2.0-1.0,---
P,3.735430+/-0.000008,3.7354300+0.0000071-0.0000074,3.7354826+/-0.0000015,3.7354845+/-0.0000019,---,3.735438,3.73,---,3.7354845+/-0.0000019,3.7354380+/-0.0000068,3.7354330+0.0000076-0.0000075,3.7354417+0.0000072-0.0000073,3.73548546+/-0.00000027
R,1.87+/-0.24,---,---,1.991+/-0.081,---,1.747+/-0.078,1.89,---,1.932+/-0.053,1.991+/-0.081,1.986+0.089-0.074,1.74+0.26-0.23,---
a,---,---,---,0.05151+/-0.00035,---,0.0513+/-0.0029,---,---,0.05125+/-0.00103,0.05150+/-0.00034,0.0500+/-0.0017,0.051+0.0017-0.0018,---
b,---,0.180+0.130-0.100,---,---,---,0.361+/-0.069,---,---,---,0.401+0.059-0.077,0.400+0.043-0.040,---,---
R_p/R_star,---,0.1218+0.0016-0.0014,---,---,---,0.12345+/-0.00109,---,---,0.1255+/-0.0007,---,0.12929+0.00077-0.00061,---,---
w,---,---,---,---,---,90,---,179+/-120,---,-70.6,---,290+106-16,---